18F.GOV,False
2020CENSUS.GOV,False
9-11COMMISSION.GOV,False
911.GOV,False
911COMMISSION.GOV,False
ABANDONEDMINES.GOV,False
ABILITYONE.GOV,False
ABMC.GOV,True
ABMCSCHOLAR.GOV,False
ACCESS-BOARD.GOV,True
ACCESSIBILITY.GOV,False
ACF.GOV,False
ACHP.GOV,False
ACL.GOV,False
ACQUISITION.GOV,True
ACUS.GOV,False
ACWI.GOV,False
ADA.GOV,True
ADF.GOV,False
ADLNET.GOV,True
ADMONGO.GOV,False
ADR.GOV,True
AFADVANTAGE.GOV,False
AFF.GOV,True
AFRH.GOV,False
AFRICANAMERICANHISTORYMONTH.GOV,False
AFTAC.GOV,False
AFTERSCHOOL.GOV,False
AG.GOV,False
AGING.GOV,False
AGINGSTATS.GOV,False
AHCPR.GOV,False
AHRQ.GOV,True
AI.GOV,False
AIDS.GOV,False
AIRNOW.GOV,True
ALASKACENTERS.GOV,True
ALERTAENLINEA.GOV,False
ALTUSANDC.GOV,False
ALZHEIMERS.GOV,False
AMA.GOV,False
AMBERALERT.GOV,False
AMERICA.GOV,False
AMERICA250.GOV,False
AMERICANMEMORY.GOV,False
AMERICASLIBRARY.GOV,False
AMERICATHEBEAUTIFULQUARTERS.GOV,False
AMERICORPS.GOV,False
AMESLAB.GOV,False
AMTRAKOIG.GOV,False
ANCHORIT.GOV,False
ANL.GOV,False
ANSTASKFORCE.GOV,False
AOA.GOV,False
AOC.GOV,False
AP.GOV,False
APPLICATIONMANAGER.GOV,True
APPRENTICESHIP.GOV,True
APPRENTICESHIPS.GOV,False
ARC.GOV,False
ARCHIVES.GOV,True
ARCTIC.GOV,True
ARM.GOV,False
ARS-GRIN.GOV,False
ARSUSDA.GOV,False
ARTS.GOV,True
ASAP.GOV,False
ASC.GOV,False
ASIANPACIFICHERITAGE.GOV,False
ASKKAREN.GOV,False
ATA.GOV,False
ATF.GOV,True
ATFONLINE.GOV,False
ATVSAFETY.GOV,False
AVIATIONWEATHER.GOV,True
AYUDACONMIBANCO.GOV,False
BAM.GOV,False
BANKANSWERS.GOV,False
BANKCUSTOMER.GOV,False
BANKCUSTOMERASSISTANCE.GOV,False
BANKHELP.GOV,False
BANKNET.GOV,True
BANKRUPTCY.GOV,False
BATS.GOV,False
BBG.GOV,False
BCFP.GOV,False
BEA.GOV,True
BEBEST.GOV,False
BEFOODSAFE.GOV,False
BENEFITS.GOV,True
BEP.GOV,True
BETOBACCOFREE.GOV,False
BFEM.GOV,False
BIA.GOV,True
BIOETHICS.GOV,False
BIOMASSBOARD.GOV,False
BIOMETRICCOE.GOV,False
BIOMETRICS.GOV,False
BIOPREFERRED.GOV,False
BJA.GOV,False
BJS.GOV,True
BLDRDOC.GOV,False
BLM.GOV,False
BLS.GOV,True
BNL.GOV,False
BOEM.GOV,False
BOEMRE.GOV,False
BONDPRO.GOV,False
BOP.GOV,True
BOR.GOV,False
BOSQUE.GOV,False
BPA.GOV,False
BRAINHEALTH.GOV,False
BROADBAND.GOV,False
BROADBANDMAP.GOV,False
BSEE.GOV,True
BTS.GOV,True
BUDGET.GOV,False
BUDGETLOB.GOV,False
BUILDINGAMERICA.GOV,False
BUSINESS.GOV,False
BUSINESSDEFENSE.GOV,True
BUSINESSUSA.GOV,False
BUYACCESSIBLE.GOV,True
BUYAMERICAN.GOV,False
BUYUSA.GOV,True
CAMPUSDRUGPREVENTION.GOV,True
CANCER.GOV,True
CAO.GOV,False
CAP.GOV,False
CAPITAL.GOV,False
CAPITOL.GOV,False
CAPNHQ.GOV,False
CASL.GOV,False
CAVC.GOV,False
CBCA.GOV,False
CBI-EPA.GOV,False
CBO.GOV,False
CBONEWS.GOV,False
CBP.GOV,True
CCAC.GOV,False
CDC.GOV,True
CDCPARTNERS.GOV,False
CDFIFUND.GOV,False
CE-NCSC.GOV,False
CEBAF.GOV,False
CECC.GOV,False
CENDI.GOV,False
CENSUS.GOV,True
CEP.GOV,False
CEREBROSANO.GOV,False
CFA.GOV,False
CFDA.GOV,False
CFO.GOV,True
CFPA.GOV,False
CFPB.GOV,False
CFTC.GOV,True
CHALLENGE.GOV,True
CHALLENGES.GOV,False
CHANGEOFADDRESS.GOV,False
CHCOC.GOV,True
CHILDCARE.GOV,True
CHILDRENINADVERSITY.GOV,False
CHILDSTATS.GOV,True
CHILDWELFARE.GOV,False
CHINA-COMMISSION.GOV,False
CHINACOMMISSION.GOV,False
CHOOSEMYPLATE.GOV,True
CIA.GOV,False
CIGIE.GOV,False
CIO.GOV,True
CISA.GOV,True
CITIZENSCIENCE.GOV,True
CIVILRIGHTSUSA.GOV,False
CJIS.GOV,False
CLIMATE.GOV,True
CLINICALTRIAL.GOV,False
CLINICALTRIALS.GOV,True
CLINTONLIBRARY.GOV,True
CLOUD.GOV,True
CMS.GOV,True
CMTS.GOV,False
CNCS.GOV,False
CNCSOIG.GOV,False
CNS.GOV,False
CNSS.GOV,False
CODE.GOV,True
COLLEGEDRINKINGPREVENTION.GOV,True
COLLEGENAVIGATOR.GOV,False
COMMERCE.GOV,True
COMPLAINTREFERRALEXPRESS.GOV,False
COMPLIANCE.GOV,False
COMPTROLLEROFTHECURRENCY.GOV,False
COMPUTERSFORLEARNING.GOV,True
CONGRESS.GOV,False
CONGRESSIONALDIRECTORY.GOV,False
CONGRESSIONALRECORD.GOV,False
CONNECT.GOV,False
CONSUMER.GOV,True
CONSUMERACTION.GOV,False
CONSUMERBUREAU.GOV,False
CONSUMERFINANCE.GOV,True
CONSUMERFINANCIAL.GOV,False
CONSUMERFINANCIALBUREAU.GOV,False
CONSUMERFINANCIALPROTECTIONBUREAU.GOV,False
CONSUMERPROTECTION.GOV,False
CONSUMERPROTECTIONBUREAU.GOV,False
CONSUMERSENTINEL.GOV,False
CONSUMERSENTINELNETWORK.GOV,False
CONSUMIDOR.GOV,True
CONTRACTDIRECTORY.GOV,False
COPYRIGHT.GOV,False
CORALREEF.GOV,False
CPARS.GOV,True
CPNIREPORTING.GOV,False
CPSC.GOV,True
CRB.GOV,False
CRIMESOLUTIONS.GOV,True
CRIMEVICTIMS.GOV,False
CRISISNEXTDOOR.GOV,False
CRS.GOV,False
CSB.GOV,False
CSCE.GOV,False
CSOSA.FED.US,False
CSOSA.GOV,False
CTOC.GOV,False
CTTSO.GOV,False
CUIDADODESALUD.GOV,True
CUPCAO.GOV,False
CWC.GOV,False
CYBER.GOV,False
CYBERCAREERS.GOV,False
CYBERCRIME.GOV,False
CYBERSECURITY.GOV,False
DATA.GOV,True
DC3ON.GOV,False
DEA.GOV,True
DEAECOM.GOV,False
DEFENSE.GOV,True
DEMOCRATICLEADER.GOV,False
DEMOCRATICWHIP.GOV,False
DEMOCRATS.GOV,False
DEMS.GOV,False
DENALI.GOV,False
DEVTESTFAN1.GOV,False
DF.GOV,False
DFAFACTS.GOV,False
DFC.GOV,False
DHHS.GOV,False
DHS.GOV,True
DIABETESCOMMITTEE.GOV,False
DIETARYGUIDELINES.GOV,True
DIGITAL.GOV,True
DIGITALDASHBOARD.GOV,False
DIGITALGOV.GOV,False
DIGITALLITERACY.GOV,False
DIGITALPRESERVATION.GOV,False
DIGITIZATIONGUIDELINES.GOV,False
DIRECTOASUCUENTA.GOV,False
DISABILITY.GOV,False
DISASTERASSISTANCE.GOV,True
DISASTERHOUSING.GOV,False
DISTRACTEDDRIVING.GOV,False
DISTRACTION.GOV,False
DNFSB.GOV,True
DNI.GOV,True
DNSOPS.GOV,False
DOC.GOV,False
DOCLINE.GOV,False
DOD.GOV,False
DOE.GOV,False
DOEAL.GOV,False
DOI.GOV,True
DOIOIG.GOV,False
DOJ.GOV,False
DOL-ESA.GOV,False
DOL.GOV,True
DOLETA.GOV,True
DONACIONDEORGANOS.GOV,False
DONOTCALL.GOV,True
DONTSERVETEENS.GOV,False
DOT.GOV,False
DOTGOV.GOV,False
DOTIDEAHUB.GOV,False
DOTTRAFFICRECORDS.GOV,False
DRA.GOV,False
DROUGHT.GOV,True
DRUGABUSE.GOV,True
DRYWALLRESPONSE.GOV,False
DSAC.GOV,False
DTV.GOV,False
Domain Name,False
E-ENTERPRISE.GOV,True
E-QIP.GOV,False
E-VERIFY.GOV,True
EAC.GOV,False
EAGLECASH.GOV,False
EARMARKS.GOV,False
EARTHQUAKE.GOV,False
EARTHSYSTEMPREDICTION.GOV,False
ECFC.GOV,False
ECFR.GOV,False
ECONOMICINCLUSION.GOV,False
ECONSUMER.GOV,True
ECPIC.GOV,False
ECR.GOV,False
ED.GOV,True
EDA.GOV,True
EDISON.GOV,False
EDPUBS.GOV,False
EEOC.GOV,True
EFTPS.GOV,False
EHR.GOV,False
EIA.GOV,False
EISENHOWERLIBRARY.GOV,True
EISENHOWERMEMORIAL.GOV,True
ELDERCARE.GOV,False
ELDERJUSTICE.GOV,False
EMERGENCY-FEDERAL-REGISTER.GOV,False
EMPLOYEEEXPRESS.GOV,False
EMPLOYER.GOV,True
EMPOWHR.GOV,False
EMS.GOV,False
ENDINGTHEDOCUMENTGAME.GOV,False
ENERGY.GOV,True
ENERGYCODES.GOV,False
ENERGYSAVER.GOV,False
ENERGYSAVERS.GOV,False
ENERGYSTAR.GOV,True
EOP.GOV,False
EPA.GOV,True
EPIC.GOV,False
ERDC.GOV,False
ERPO.GOV,False
ESC.GOV,False
ESECLAB.GOV,False
ESRS.GOV,True
ETA-FIND.GOV,False
ETHICSBURG.GOV,False
EVERGLADESRESTORATION.GOV,False
EVERIFY.GOV,False
EVERYKIDINAPARK.GOV,False
EVERYKIDOUTDOORS.GOV,True
EVERYTRYCOUNTS.GOV,False
EVUS.GOV,True
EXECSEC.GOV,False
EXIM.GOV,False
EXPLORETSP.GOV,False
EXPORT.GOV,True
EYENOTE.GOV,False
FAA.GOV,True
FAASAFETY.GOV,False
FACA.GOV,False
FACADATABASE.GOV,True
FAFSA.GOV,False
FAI.GOV,True
FAMEP.GOV,False
FAN.GOV,False
FAPIIS.GOV,False
FARA.GOV,False
FARMERS.GOV,True
FASAB.GOV,False
FATHERHOOD.GOV,False
FBF.GOV,False
FBI.GOV,False
FBIIC.GOV,False
FBIJOBS.GOV,False
FBO.GOV,False
FCA.GOV,False
FCC.GOV,False
FCG.GOV,False
FCIC.GOV,False
FCSIC.GOV,False
FDA.GOV,True
FDIC.GOV,True
FDICCONNECT.GOV,False
FDICIG.GOV,False
FDICOIG.GOV,True
FDICSEGURO.GOV,False
FDLP.GOV,False
FDMS.GOV,False
FDSYS.GOV,False
FEA.GOV,False
FEB.GOV,True
FEC.GOV,True
FED.US,False
FEDBIZOPPS.GOV,False
FEDCENTER.GOV,True
FEDERALCOURTS.GOV,False
FEDERALINVESTMENTS.GOV,False
FEDERALJOBS.GOV,False
FEDERALPROBATION.GOV,False
FEDERALREGISTER.GOV,True
FEDERALRESERVE.GOV,False
FEDERALRESERVECONSUMERHELP.GOV,False
FEDERALRULES.GOV,False
FEDERALSPENDING.GOV,False
FEDIDCARD.GOV,True
FEDINFO.GOV,False
FEDINVEST.GOV,False
FEDJOBS.GOV,False
FEDPARTNERSHIP.GOV,False
FEDRAMP.GOV,True
FEDREG.GOV,False
FEDROOMS.GOV,False
FEDSHIREVETS.GOV,True
FEEDTHEFUTURE.GOV,False
FEGLI.GOV,False
FEMA.GOV,True
FERC.GOV,True
FERCALT.GOV,False
FFB.GOV,False
FFIEC.GOV,False
FGDC.GOV,False
FHA.GOV,False
FHFA.GOV,True
FHFAOIG.GOV,True
FINANCIALRESEARCH.GOV,True
FINANCIALSTABILITY.GOV,False
FINCEN.GOV,False
FINDTREATMENT.GOV,True
FIRECODE.GOV,False
FIRELEADERSHIP.GOV,False
FIRENET.GOV,False
FIRESCIENCE.GOV,False
FIRSTFREEDOM.GOV,False
FIRSTGOV.GOV,False
FIRSTNET.GOV,False
FIRSTRESPONDER.GOV,False
FIRSTRESPONDERTRAINING.GOV,False
FISHWATCH.GOV,True
FITNESS.GOV,False
FJC.GOV,False
FLETA.GOV,True
FLETC.GOV,True
FLIGHTSCHOOLCANDIDATES.GOV,False
FLOODSMART.GOV,True
FLRA.GOV,True
FLU.GOV,False
FMC.GOV,True
FMCS.GOV,False
FMI.GOV,False
FMSHRC.GOV,False
FNAL.GOV,False
FOIA.GOV,True
FOIAONLINE.GOV,False
FOODSAFETY.GOV,True
FOODSAFETYJOBS.GOV,False
FORDLIBRARYMUSEUM.GOV,True
FOREIGNASSISTANCE.GOV,True
FORESTSANDRANGELANDS.GOV,True
FORFEITURE.GOV,True
FORMS.GOV,False
FPC.GOV,False
FPDS.GOV,True
FPI.GOV,False
FPISC.GOV,False
FPKI-LAB.GOV,False
FPKI.GOV,False
FRAHO.GOV,False
FRB.FED.US,False
FRB.GOV,False
FRC.GOV,False
FRESHEMPIRE.GOV,False
FRPG.GOV,False
FRS.GOV,False
FRTIB.GOV,False
FRTIBTEST.GOV,False
FRTR.GOV,True
FRUITSANDVEGGIESMATTER.GOV,False
FS.FED.US,False
FSAFEDS.GOV,False
FSD.GOV,True
FSGB.GOV,False
FSOC.GOV,False
FSRS.GOV,True
FTC.GOV,True
FTCCOMPLAINTASSISTANT.GOV,True
FTCEFILE.GOV,False
FUELECONOMY.GOV,False
FVAP.GOV,True
FWS.GOV,True
G5.GOV,True
GAO.GOV,False
GAONET.GOV,False
GCDAMP.GOV,False
GCMRC.GOV,False
GENOME.GOV,False
GEOMAC.GOV,True
GEOPLATFORM.GOV,False
GEORGEWBUSHLIBRARY.GOV,False
GETSMARTABOUTDRUGS.GOV,True
GINNIEMAE.GOV,True
GIRLSHEALTH.GOV,True
GLNPO.GOV,False
GLOBALCHANGE.GOV,True
GLOBALENTRY.GOV,False
GLOBALHEALTH.GOV,False
GLOBE.GOV,False
GOBIERNOUSA.GOV,False
GODIRECT.GOV,False
GOES-R.GOV,True
GOLDWATERSCHOLARSHIP.GOV,False
GOLEARN.GOV,False
GOP.GOV,False
GOPLEADER.GOV,False
GOPWHIP.GOV,False
GOVERNMENTJOBS.GOV,False
GOVINFO.GOV,False
GOVLOANS.GOV,True
GOVSALES.GOV,True
GPO.GOV,False
GPS.GOV,True
GRANTS.GOV,False
GRANTSOLUTIONS.GOV,False
GREATAGAIN.GOV,False
GREENGOV.GOV,False
GSA.GOV,True
GSAADVANTAGE.GOV,True
GSAAUCTIONS.GOV,True
GSAIG.GOV,False
GSATEST1.GOV,False
GSATEST2.GOV,False
GSAXCESS.GOV,True
GUIDELINE.GOV,False
GUIDELINES.GOV,False
HANFORD.GOV,False
HARP.GOV,False
HC.GOV,False
HEALTH.GOV,True
HEALTHCARE.GOV,True
HEALTHDATA.GOV,True
HEALTHFINDER.GOV,False
HEALTHINDICATORS.GOV,False
HEALTHIT.GOV,True
HEALTHYPEOPLE.GOV,True
HEARTTRUTH.GOV,False
HELPWITHMYBANK.GOV,True
HELPWITHMYCHECKINGACCOUNT.GOV,False
HELPWITHMYCREDITCARD.GOV,False
HELPWITHMYCREDITCARDBANK.GOV,False
HELPWITHMYMORTGAGE.GOV,False
HELPWITHMYMORTGAGEBANK.GOV,False
HERITAGEABROAD.GOV,False
HHS.GOV,True
HHSOIG.GOV,False
HHSOPS.GOV,False
HIG.GOV,False
HIGHPERFORMANCEBUILDINGS.GOV,False
HIREVETS.GOV,True
HISPANICHERITAGEMONTH.GOV,False
HISTORY.GOV,False
HIV.GOV,True
HOMEENERGYSCORE.GOV,False
HOMELANDSECURITY.GOV,False
HOMESALES.GOV,False
HOUSE.GOV,False
HOUSECALENDAR.GOV,False
HOUSECOMMUNICATIONS.GOV,False
HOUSED.GOV,False
HOUSEDEMOCRATS.GOV,False
HOUSEDEMS.GOV,False
HOUSELIVE.GOV,False
HOUSENEWSLETTERS.GOV,False
HRSA.GOV,True
HSR.GOV,False
HUD.GOV,True
HUDOIG.GOV,False
HUDUSER.GOV,True
HUMANITIES.GOV,False
HURRICANES.GOV,False
HYDROGEN.GOV,False
IAD.GOV,False
IAF.GOV,False
IARPA-IDEAS.GOV,False
IARPA.GOV,False
IAT.GOV,False
IAWG.GOV,False
IBB.GOV,False
IBWC.GOV,True
IC.GOV,False
IC3.GOV,True
ICBEMP.GOV,False
ICE.GOV,True
ICH.GOV,False
ICJOINTDUTY.GOV,False
IDEALAB.GOV,False
IDENTITYSANDBOX.GOV,False
IDENTITYTHEFT.GOV,True
IDFC.GOV,False
IDMANAGEMENT.GOV,True
IDTHEFT.GOV,False
IEDISON.GOV,False
IGNET.GOV,False
IHS.GOV,True
IMLS.GOV,True
INDIANAFFAIRS.GOV,True
INEL.GOV,False
INFO.GOV,False
INL.GOV,False
INNOVATION.GOV,False
INSPIRE2SERVE.GOV,False
INSUREKIDSNOW.GOV,True
INTEGRITY.GOV,True
INTEL.GOV,False
INTELINK.GOV,False
INTELLIGENCE.GOV,True
INTELLIGENCECAREERS.GOV,False
INTERIOR.GOV,False
INTERPOL.GOV,False
INVASIVESPECIES.GOV,False
INVASIVESPECIESINFO.GOV,True
INVESTOR.GOV,False
IOSS.GOV,False
IPAC.GOV,False
IPP.GOV,True
IPRCENTER.GOV,False
IRS.GOV,True
IRSAUCTIONS.GOV,False
IRSNET.GOV,False
IRSSALES.GOV,False
IRSVIDEOS.GOV,False
ISE.GOV,False
ISITDONEYET.GOV,False
ISOTOPE.GOV,False
ISOTOPES.GOV,False
ISTAC.GOV,False
ITAP.GOV,False
ITC.GOV,False
ITDASHBOARD.GOV,False
ITIS.GOV,True
ITRD.GOV,False
ITS.GOV,True
JAMESMADISON.GOV,False
JCCBI.GOV,False
JCCS.GOV,False
JCT.GOV,False
JEM.GOV,False
JEWISHHERITAGE.GOV,False
JEWISHHERITAGEMONTH.GOV,False
JIMMYCARTERLIBRARY.GOV,True
JOBCORPS.GOV,True
JOINAMERICORPS.GOV,False
JPO.GOV,False
JUDICIALCONFERENCE.GOV,False
JUNIORFORESTRANGER.GOV,False
JUSFC.GOV,False
JUSTICE.GOV,True
JUSTTHINKTWICE.GOV,True
JUVENILECOUNCIL.GOV,False
JWOD.GOV,False
KENNEDY-CENTER.GOV,False
KIDS.GOV,False
LABOR.GOV,False
LACOAST.GOV,False
LANDFIRE.GOV,False
LANDIMAGING.GOV,False
LANL.GOV,False
LAW.GOV,False
LBL.GOV,False
LCA.GOV,False
LCACOMMONS.GOV,True
LCRMSCP.GOV,False
LCTL.GOV,False
LEARNATF.GOV,False
LEARNDOJ.GOV,False
LEO.GOV,False
LEP.GOV,True
LIBRARYOFCONGRESS.GOV,False
LIFELINE.GOV,False
LIS.GOV,False
LISTO.GOV,True
LITERACY.GOV,False
LLNL.GOV,False
LMVSCI.GOV,False
LOC.GOV,False
LOCATORPLUS.GOV,True
LOCTPS.GOV,False
LOGIN.GOV,True
LONGTERMCARE.GOV,False
LPS.GOV,False
LSC.GOV,False
LUCA-APPEALS.GOV,False
MACPAC.GOV,False
MAIL.GOV,False
MAJORITYLEADER.GOV,False
MAJORITYWHIP.GOV,False
MAKINGHOMEAFFORDABLE.GOV,False
MALWAREINVESTIGATOR.GOV,False
MANUFACTURING.GOV,True
MARINECADASTRE.GOV,True
MAX.GOV,False
MBDA.GOV,True
MCC.GOV,True
MCCTEST.GOV,False
MEDALOFVALOR.GOV,False
MEDICAID.GOV,True
MEDICALCOUNTERMEASURES.GOV,False
MEDICARE.GOV,True
MEDLINEPLUS.GOV,True
MEDPAC.GOV,False
MENTALHEALTH.GOV,True
MENTOR.GOV,False
MESH.GOV,False
MGI.GOV,True
MHA.GOV,False
MILITARYAVIATIONSAFETY.GOV,False
MILITARYCONSUMER.GOV,True
MIMM.GOV,False
MINORITYWHIP.GOV,False
MITIGATIONCOMMISSION.GOV,False
MLKDAY.GOV,False
MMC.GOV,False
MMS.GOV,False
MOJAVEDATA.GOV,False
MONEYFACTORY.GOV,True
MONEYFACTORYSTORE.GOV,False
MORTGAGETRANSLATIONS.GOV,False
MRLC.GOV,False
MSB.GOV,False
MSHA.GOV,True
MSPB.GOV,True
MTBS.GOV,False
MTMC.GOV,False
MY2020CENSUS.GOV,False
MYCREDITUNION.GOV,False
MYFDIC.GOV,False
MYIRA.GOV,False
MYMEDICARE.GOV,True
MYMONEY.GOV,True
MYPAY.GOV,False
MYPLATE.GOV,False
MYRA.GOV,False
MYUSPS.GOV,False
NAFRI.GOV,False
NAGB.GOV,True
NAMUS.GOV,False
NANO.GOV,False
NARA.GOV,False
NASA.GOV,True
NATIONALBANK.GOV,False
NATIONALBANKHELP.GOV,False
NATIONALBANKNET.GOV,False
NATIONALGANGCENTER.GOV,True
NATIONALHOUSING.GOV,False
NATIONALHOUSINGLOCATOR.GOV,False
NATIONALMALL.GOV,False
NATIONALMAP.GOV,False
NATIONALRESOURCEDIRECTORY.GOV,False
NATIONALSERVICE.GOV,True
NATIONSREPORTCARD.GOV,True
NATIVEAMERICANHERITAGEMONTH.GOV,False
NATIVEONESTOP.GOV,False
NAVYCASH.GOV,False
NBC.GOV,False
NBIB.GOV,False
NBIS.GOV,False
NBRC.GOV,True
NCCS.GOV,False
NCD.GOV,False
NCIFCRF.GOV,False
NCIRC.GOV,True
NCIX.GOV,False
NCJRS.GOV,True
NCPC.GOV,True
NCRC.GOV,False
NCSC.GOV,False
NCTC.GOV,False
NCUA.GOV,False
NEA.GOV,False
NEGLECTEDDISEASES.GOV,False
NEH.GOV,True
NEHRP.GOV,False
NEL.GOV,False
NEMI.GOV,False
NEPA.GOV,False
NERSC.GOV,False
NEUP.GOV,False
NEWMONEY.GOV,False
NFPORS.GOV,False
NGA.GOV,False
NGC.GOV,False
NHL.GOV,False
NHTSA.GOV,True
NIC.GOV,False
NICIC.GOV,False
NICSEZCHECKFBI.GOV,True
NIEM.GOV,True
NIFC.GOV,False
NIGC.GOV,False
NIH.GOV,True
NIJ.GOV,False
NIOSH.GOV,False
NIST.GOV,True
NITRD.GOV,True
NIXONLIBRARY.GOV,True
NLM.GOV,False
NLRB.GOV,True
NLS.GOV,False
NMB.GOV,False
NMCOURT.FED.US,False
NMSC.GOV,False
NMVTIS.GOV,False
NNLM.GOV,False
NNSS.GOV,False
NOAA.GOV,False
NPS.GOV,True
NRC-GATEWAY.GOV,False
NRC.GOV,True
NRD.GOV,True
NREL.GOV,False
NRELHUB.GOV,False
NRO.GOV,True
NROJR.GOV,False
NRPO.GOV,False
NSA.GOV,True
NSCAI.GOV,False
NSEP.GOV,True
NSF.GOV,True
NSOPR.GOV,False
NSOPW.GOV,True
NTIA.GOV,False
NTIS.GOV,True
NTRC.GOV,False
NTSB.GOV,False
NUCLEAR.GOV,False
NUTRITION.GOV,True
NVTC.GOV,False
NWBC.GOV,False
NWCG.GOV,False
NWIRP.GOV,False
NWTRB.GOV,False
OBAMALIBRARY.GOV,True
OBAMAWHITEHOUSE.GOV,False
OCC.GOV,True
OCCHELPS.GOV,False
OCCNET.GOV,False
OCWR.GOV,False
ODCI.GOV,False
ODNI.GOV,True
OEA.GOV,True
OFCM.GOV,False
OFDA.GOV,False
OFIA.GOV,False
OFR.GOV,False
OGE.GOV,True
OJJDP.GOV,False
OJP.GOV,True
OMB.GOV,False
ONDCP.GOV,False
ONGUARDONLINE.GOV,False
ONHIR.GOV,False
ONRR.GOV,True
OPENINTERNET.GOV,False
OPENSOURCE.GOV,False
OPENWORLD.GOV,False
OPIC.GOV,False
OPIOIDS.GOV,False
OPM.GOV,True
OPPORTUNITYZONES.GOV,False
ORAU.GOV,False
ORGANDONOR.GOV,True
ORNL.GOV,False
OSAC.GOV,True
OSC.GOV,False
OSCNET.GOV,False
OSDE.GOV,False
OSDLS.GOV,False
OSHA.GOV,True
OSHRC.GOV,False
OSIS.GOV,False
OSM.GOV,False
OSMRE.GOV,True
OSTI.GOV,True
OSTP.GOV,False
OTS.GOV,False
OURDOCUMENTS.GOV,True
OVC.GOV,True
OVCTTAC.GOV,True
OVERSIGHT.GOV,False
OWC.GOV,False
PAC.GOV,False
PACER.GOV,False
PANDEMICFLU.GOV,False
PAPAHANAUMOKUAKEA.GOV,True
PATRIOTBONDS.GOV,False
PAY.GOV,True
PAYMENTACCURACY.GOV,False
PBGC.GOV,True
PBRB.GOV,False
PCI.GOV,False
PCLOB.GOV,False
PDBCECC.GOV,False
PEACECORPS.GOV,True
PEACECORPSOIG.GOV,False
PENTAGON.GOV,False
PEPFAR.GOV,False
PERFORMANCE.GOV,True
PHE.GOV,False
PIC.GOV,True
PIEDRASBLANCAS.GOV,False
PIF.GOV,False
PITC.GOV,False
PKI-LAB.GOV,False
PKI.GOV,False
PLAINLANGUAGE.GOV,True
PMF.GOV,True
PMI.GOV,True
PNL.GOV,False
PNNL.GOV,False
POOLSAFELY.GOV,True
POOLSAFETY.GOV,False
POSTOFFICE.GOV,False
PPDCECC.GOV,False
PPIRS.GOV,False
PPPL.GOV,True
PPPO.GOV,False
PRACOMMENT.GOV,False
PRC.GOV,False
PREGUNTELEAKAREN.GOV,False
PREPRODFAN.GOV,False
PRESERVEAMERICA.GOV,False
PRESIDENTIALDOCUMENTS.GOV,False
PRESIDENTIALINNOVATIONFELLOWS.GOV,True
PRESIDENTIALSERVICEAWARDS.GOV,False
PRESIDIO.GOV,False
PRESIDIOTRUST.GOV,False
PRETRIALSERVICES.GOV,False
PRIVACYSHIELD.GOV,True
PROJECTSAFECHILDHOOD.GOV,False
PROJECTSAFENEIGHBORHOODS.GOV,False
PROMESA.GOV,False
PROTECCIONDELCONSUMIDOR.GOV,False
PROTECTYOURMOVE.GOV,False
PSA.GOV,False
PSC.GOV,False
PSCR.GOV,False
PSD.GOV,False
PSOB.GOV,False
PSUP.GOV,False
PTF.GOV,False
PTT.GOV,False
PUBMED.GOV,False
PUBSERVICES.GOV,False
PURCHASING.GOV,False
QART.GOV,False
QATESTTWAI.GOV,False
RCFL.GOV,False
READ.GOV,False
READY.GOV,True
READYBUSINESS.GOV,False
REAGANLIBRARY.GOV,True
REALESTATESALES.GOV,True
REALPROPERTYPROFILE.GOV,False
RECALLS.GOV,False
RECORDSMANAGEMENT.GOV,False
RECOVERYMONTH.GOV,True
RECREATION.GOV,False
REGINFO.GOV,True
REGULATIONS.GOV,True
RELOCATEFEDS.GOV,False
REO.GOV,False
REPORTBAND.GOV,False
REPORTING.GOV,False
REPUBLICANLEADER.GOV,False
REPUBLICANS.GOV,False
REPUBLICANWHIP.GOV,False
RESEARCH.GOV,True
RESTORETHEGULF.GOV,False
RIVERS.GOV,False
RL.GOV,False
ROBODEIDENTIDAD.GOV,True
ROCIS.GOV,True
RPO.GOV,False
RRB.GOV,True
SAC.GOV,False
SAFECAR.GOV,False
SAFECOM.GOV,False
SAFEOCS.GOV,False
SAFERCAR.GOV,False
SAFERPRODUCT.GOV,False
SAFERPRODUCTS.GOV,True
SAFERTRUCK.GOV,False
SAFETYACT.GOV,False
SAFETYVIDEOS.GOV,False
SALMONRECOVERY.GOV,False
SAM.GOV,True
SAMHSA.GOV,True
SANDBOX.GOV,False
SANDIA.GOV,True
SAVINGSBOND.GOV,True
SAVINGSBONDS.GOV,True
SAVINGSBONDWIZARD.GOV,False
SBA.GOV,True
SBIR.GOV,True
SBST.GOV,False
SC-US.GOV,False
SCHOOLSAFETY.GOV,True
SCIDAC.GOV,False
SCIENCE.GOV,False
SCIENCE360.GOV,False
SCIENCEBASE.GOV,False
SCIJINKS.GOV,True
SCINET-TEST.GOV,False
SCINET.GOV,False
SCRA.GOV,False
SCUS.GOV,False
SDR.GOV,False
SEARCH.GOV,True
SEC.GOV,True
SECRETSERVICE.GOV,True
SECTION108.GOV,False
SECTION508.GOV,True
SECURITYTESTFAN.GOV,False
SEGURIDADCONSUMIDOR.GOV,False
SEGUROSOCIAL.GOV,False
SELECTAGENTS.GOV,False
SELECTUSA.GOV,True
SEN.GOV,False
SENATE.GOV,False
SENATECALENDAR.GOV,False
SENIORCORPS.GOV,False
SENTINEL.GOV,False
SERVE.GOV,False
SERVICEMEMBERS.GOV,False
SFTOOL.GOV,True
SHARETHEROADSAFELY.GOV,False
SIERRAWILD.GOV,True
SIGTARP.GOV,True
SITEIDIQ.GOV,False
SJI.GOV,False
SLGS.GOV,False
SMART.GOV,True
SMARTCHECK.GOV,False
SMARTGRID.GOV,False
SMOKEFREE.GOV,True
SMOKEYBEAR.GOV,False
SNS.GOV,False
SOCIALSECURITY.GOV,False
SOLARDECATHLON.GOV,False
SOLARIUM.GOV,False
SPACEWEATHER.GOV,False
SPEAKER.GOV,False
SPECTRUM.GOV,False
SRS.GOV,False
SSA.GOV,True
SSAB.GOV,False
SSS.GOV,False
STANDARDS.GOV,False
STATE.GOV,True
STATEOIG.GOV,False
STB.GOV,False
STENNIS.GOV,False
STOPALCOHOLABUSE.GOV,False
STOPBULLYING.GOV,True
STOPFAKES.GOV,True
STOPFRAUD.GOV,False
STUDENTAID.GOV,True
STUDENTLOANS.GOV,False
SUPPORTFAN.GOV,False
SUPREME-COURT.GOV,False
SUPREMECOURT.GOV,False
SUPREMECOURTUS.GOV,False
SURGEONGENERAL.GOV,False
SUSTAINABILITY.GOV,True
SWORM.GOV,False
SWPA.GOV,True
SYMBOLS.GOV,False
TAAPS.GOV,False
TAX.GOV,False
TAXREFORM.GOV,False
TCIS.GOV,False
TELEWORK.GOV,True
THECOOLSPOT.GOV,False
THEREALCOST.GOV,False
THISFREELIFE.GOV,False
THOMAS.GOV,False
TIGTA.GOV,False
TIGTANET.GOV,False
TIME.GOV,True
TMDBHOUSE.GOV,False
TOBACCO.GOV,False
TOX21.GOV,False
TPS.GOV,False
TRADE.GOV,False
TRAFFICSAFETYMARKETING.GOV,True
TRAININGPROVIDERRESULTS.GOV,False
TRANSPARENCY.GOV,False
TRANSPORTATION.GOV,True
TREAS.GOV,False
TREASLOCKBOX.GOV,False
TREASURY.FED.US,False
TREASURY.GOV,True
TREASURYAUCTION.GOV,False
TREASURYAUCTIONS.GOV,False
TREASURYDIRECT.GOV,True
TREASURYECM.GOV,False
TREASURYHUNT.GOV,True
TREASURYSCAMS.GOV,False
TRIBALJUSTICEANDSAFETY.GOV,False
TRUMAN.GOV,False
TRUMANLIBRARY.GOV,True
TSA.GOV,True
TSC.GOV,False
TSP.GOV,False
TSPTEST.GOV,False
TSUNAMI.GOV,True
TSWG.GOV,False
TTB.GOV,False
TTBONLINE.GOV,True
TTIC.GOV,False
TTLPLUS.GOV,False
TVA.GOV,False
TVAOIG.GOV,False
TWAI.GOV,False
UCE.GOV,False
UCIA.GOV,False
UCRDATATOOL.GOV,False
UDALL.GOV,False
UGOV.GOV,False
UNICOR.GOV,True
UNIONREPORTS.GOV,False
UNITEDSTATESCONGRESS.GOV,False
UNLOCKTALENT.GOV,False
UNNPP.GOV,False
UNRPNET.GOV,False
URBANWATERS.GOV,False
US-CERT.GOV,True
US.GOV,False
USA.GOV,True
USA250.GOV,False
USABILITY.GOV,True
USADF.GOV,False
USAGM.GOV,True
USAGOV.GOV,False
USAID.GOV,True
USAJOBS.GOV,True
USALEARNING.GOV,False
USANDC.GOV,False
USAP.GOV,True
USASEANCONNECT.GOV,False
USASPENDING.GOV,True
USASTAFFING.GOV,True
USBANKRUPTCY.GOV,False
USBG.GOV,False
USBM.GOV,False
USBR.GOV,True
USC.GOV,False
USCAPITAL.GOV,False
USCAPITOL.GOV,False
USCAPITOLPOLICE.GOV,False
USCAVC.GOV,False
USCC.GOV,False
USCCR.GOV,True
USCG.GOV,False
USCIRF.GOV,True
USCIS.GOV,True
USCODE.GOV,False
USCONGRESS.GOV,False
USCONSULATE.GOV,False
USCOURTS.GOV,True
USCP.GOV,False
USCURRENCY.GOV,False
USDA.GOV,True
USDAPII.GOV,False
USDEBITCARD.GOV,True
USDFC.GOV,False
USDIGITALSERVICE.GOV,False
USDOJ.GOV,False
USDOSCLOUD.GOV,False
USDS.GOV,False
USEMBASSY.GOV,True
USERRA.GOV,False
USGCRP.GOV,False
USGEO.GOV,False
USGOVERNMENTMANUAL.GOV,False
USGS.GOV,True
USHMM.GOV,False
USHOUSE.GOV,False
USHR.GOV,False
USICH.GOV,False
USIDFC.GOV,False
USIP.GOV,False
USITC.GOV,True
USITCOIG.GOV,False
USMARSHALS.GOV,True
USMINT.GOV,True
USMISSION.GOV,False
USPHS.GOV,False
USPIS.GOV,False
USPROBATION.GOV,False
USPS.GOV,False
USPSINFORMEDDELIVERY.GOV,False
USPSINNOVATES.GOV,False
USPSOIG.GOV,False
USPTO.GOV,True
USSC.GOV,False
USSEMIQUINCENTENNIAL.GOV,False
USSM.GOV,False
USSS.GOV,False
USTAXCOURT.GOV,False
USTDA.GOV,True
USTR.GOV,False
USTREAS.GOV,False
UTAHFIREINFO.GOV,False
VA.GOV,True
VACCINES.GOV,True
VCF.GOV,True
VEHICLEHISTORY.GOV,True
VETERANS.GOV,True
VETS.GOV,False
VISITTHECAPITAL.GOV,False
VISITTHECAPITOL.GOV,False
VISTACAMPUS.GOV,True
VOA.GOV,False
VOLCANO.GOV,False
VOLUNTEER.GOV,True
VOLUNTEERINGINAMERICA.GOV,False
VOTE.GOV,True
VOTEBYMAIL.GOV,False
WAPA.GOV,False
WARTIMECONTRACTING.GOV,False
WATERMONITOR.GOV,False
WDOL.GOV,False
WEATHER.GOV,True
WEBHARVEST.GOV,False
WGDP.GOV,False
WH.GOV,False
WHAGING.GOV,False
WHDPC.GOV,False
WHISTLEBLOWER.GOV,True
WHISTLEBLOWERS.GOV,True
WHITEHOUSE.GOV,False
WHITEHOUSECONFERENCEONAGING.GOV,False
WHITEHOUSEDRUGPOLICY.GOV,False
WILDFIRE.GOV,False
WILDLIFEADAPTATIONSTRATEGY.GOV,False
WIZARD.GOV,False
WLCI.GOV,False
WOMENSHEALTH.GOV,True
WOMENSHISTORYMONTH.GOV,False
WOODSY.GOV,False
WOODSYOWL.GOV,False
WORKER.GOV,True
WORKPLACE.GOV,False
WORLDWAR1CENTENNIAL.GOV,False
WRP.GOV,False
XD.GOV,False
YMP.GOV,False
YOUTH.GOV,False
YOUTHRULES.GOV,True
