arm.gov,yes
bfem.gov,yes
bja.gov,yes
bondpro.gov,yes
cap.gov,yes
cendi.gov,yes
cupcao.gov,yes
ems.gov,yes
fcic.gov,yes
federalinvestments.gov,yes
fedinvest.gov,yes
fordlibrarymuseum.gov,yes
fpds.gov,yes
geoplatform.gov,yes
georgewbushlibrary.gov,yes
grantsolutions.gov,yes
gsaadvantage.gov,yes
hc.gov,yes
healthypeople.gov,yes
ic3.gov,yes
inl.gov,yes
intelligencecareers.gov,yes
jimmycarterlibrary.gov,yes
jobcorps.gov,yes
landfire.gov,yes
landimaging.gov,yes
lcrmscp.gov,yes
mail.gov,yes
myira.gov,yes
nbm.gov,yes
ncifcrf.gov,yes
nea.gov,yes
neup.gov,yes
nicic.gov,yes
nwtrb.gov,yes
ojjdp.gov,yes
osac.gov,yes
osc.gov,yes
ots.gov,yes
patriotbonds.gov,yes
postoffice.gov,yes
realestatesales.gov,yes
regulations.gov,yes
safertruck.gov,yes
savingsbond.gov,yes
savingsbonds.gov,yes
savingsbondwizard.gov,yes
sciencebase.gov,yes
segurosocial.gov,yes
slgs.gov,yes
ssa.gov,yes
taaps.gov,yes
tox21.gov,yes
treasuryauctions.gov,yes
treasurydirect.gov,yes
treasuryhunt.gov,yes
treasuryscams.gov,yes
ttb.gov,yes
usbr.gov,yes
usip.gov,yes
usps.gov,yes
uspsinnovates.gov,yes
va.gov,yes
vets.gov,yes
voa.gov,yes
votebymail.gov,yes
wizard.gov,yes
casl.gov,yes
fueleconomy.gov,yes
smokeybear.gov,yes
sns.gov,yes
digitaldashboard.gov,yes
innovation.gov,yes
foiaonline.gov,yes
